#,Gimmick ID,Description,Object Name,Component Class,Prefab Path
1,Gm04_013,,?,?,natives/stm/appsystem/gimmick/prefab/gm04_013.pfb.17
2,Gm81_045,,?,?,natives/stm/appsystem/gimmick/prefab/gm81_045.pfb.17
3,Gm80_053,,?,?,natives/stm/appsystem/gimmick/prefab/gm80_053.pfb.17
4,Gm80_009,rock,gm80_009,app.Gm80_009,natives/stm/appsystem/gimmick/prefab/gm80_009.pfb.17
5,Gm80_010,rock (cube),gm80_010,app.Gm80_009,natives/stm/appsystem/gimmick/prefab/gm80_010.pfb.17
6,Gm81_083,rock (ice cube),gm81_083,app.Gm80_009,natives/stm/appsystem/gimmick/prefab/gm81_083.pfb.17
7,Gm81_071,,?,?,natives/stm/appsystem/gimmick/prefab/gm81_071.pfb.17
8,Gm04_014,,?,?,natives/stm/appsystem/gimmick/prefab/gm04_014.pfb.17
9,Gm50_000,,?,?,natives/stm/appsystem/gimmick/prefab/gm50_000.pfb.17
10,Gm80_001,chest (basic?),gm80_001,app.gm80_001,natives/stm/appsystem/gimmick/prefab/gm80_001.pfb.17
11,Gm80_096,chest (rich? wakestone?),gm80_096,app.gm80_001,natives/stm/appsystem/gimmick/prefab/gm80_096.pfb.17
12,Gm80_097,,?,?,natives/stm/appsystem/gimmick/prefab/gm80_097.pfb.17
13,Gm81_042,,?,?,natives/stm/appsystem/gimmick/prefab/gm81_042.pfb.17
14,Gm80_002,,?,?,natives/stm/appsystem/gimmick/prefab/gm80_002.pfb.17
15,Gm05_042,,?,?,natives/stm/appsystem/gimmick/prefab/bartest/gm05_042.pfb.17
16,Gm05_043,,?,?,natives/stm/appsystem/gimmick/prefab/bartest/gm05_043.pfb.17
17,Gm51_127,,?,?,natives/stm/appsystem/gimmick/prefab/bartest/gm51_127.pfb.17
18,Gm05_061,,?,?,natives/stm/appsystem/gimmick/prefab/bartest/gm05_061.pfb.17
19,Gm05_062,,?,?,natives/stm/appsystem/gimmick/prefab/bartest/gm05_062.pfb.17
20,Gm05_049,,?,?,natives/stm/appsystem/gimmick/prefab/bartest/gm05_049.pfb.17
21,Gm05_048,,?,?,natives/stm/appsystem/gimmick/prefab/bartest/gm05_048.pfb.17
22,Gm05_052,,?,?,natives/stm/appsystem/gimmick/prefab/bartest/gm05_052.pfb.17
23,Gm05_053,,?,?,natives/stm/appsystem/gimmick/prefab/bartest/gm05_053.pfb.17
24,Gm05_054,,?,?,natives/stm/appsystem/gimmick/prefab/bartest/gm05_054.pfb.17
25,Gm05_064,,?,?,natives/stm/appsystem/gimmick/prefab/bartest/gm05_064.pfb.17
26,Gm50_040,,?,?,natives/stm/appsystem/gimmick/prefab/bartest/gm50_040.pfb.17
27,Gm50_041,,?,?,natives/stm/appsystem/gimmick/prefab/bartest/gm50_041.pfb.17
28,Gm80_152,,?,?,natives/stm/appsystem/gimmick/prefab/gm80_152.pfb.17
29,Gm80_153,,?,?,natives/stm/appsystem/gimmick/prefab/gm80_153.pfb.17
30,Gm80_154,,?,?,natives/stm/appsystem/gimmick/prefab/gm80_154.pfb.17
31,Gm80_103,,?,?,natives/stm/appsystem/gimmick/prefab/gm80_103.pfb.17
32,Gm05_057,,?,?,natives/stm/appsystem/gimmick/prefab/bartest/gm05_057.pfb.17
33,Gm05_058,,?,?,natives/stm/appsystem/gimmick/prefab/bartest/gm05_058.pfb.17
34,Gm05_045,,?,?,natives/stm/appsystem/gimmick/prefab/chair/gm05_045.pfb.17
35,Gm05_044,,?,?,natives/stm/appsystem/gimmick/prefab/chair/gm05_044.pfb.17
36,Gm51_172,,?,?,natives/stm/appsystem/gimmick/prefab/bartest/gm51_172.pfb.17
37,Gm50_061,,?,?,natives/stm/appsystem/gimmick/prefab/chair/gm50_061.pfb.17
38,Gm51_071,,?,?,natives/stm/appsystem/gimmick/prefab/chair/gm51_071.pfb.17
39,Gm50_070,,?,?,natives/stm/appsystem/gimmick/prefab/chair/gm50_070.pfb.17
40,Gm50_108,,?,?,natives/stm/appsystem/gimmick/prefab/chair/gm50_108.pfb.17
41,Gm51_058,,?,?,natives/stm/appsystem/gimmick/prefab/chair/gm51_058.pfb.17
42,Gm51_059,,?,?,natives/stm/appsystem/gimmick/prefab/chair/gm51_059.pfb.17
43,Gm51_060,,?,?,natives/stm/appsystem/gimmick/prefab/chair/gm51_060.pfb.17
44,Gm51_061,,?,?,natives/stm/appsystem/gimmick/prefab/chair/gm51_061.pfb.17
45,Gm51_074,,?,?,natives/stm/appsystem/gimmick/prefab/chair/gm51_074.pfb.17
46,Gm05_050,,?,?,natives/stm/appsystem/gimmick/prefab/bartest/gm05_050.pfb.17
47,Gm05_051,,?,?,natives/stm/appsystem/gimmick/prefab/bartest/gm05_051.pfb.17
48,Gm80_000,,?,?,natives/stm/appsystem/gimmick/prefab/gm80_000.pfb.17
49,Gm51_009,,?,?,natives/stm/appsystem/gimmick/prefab/gm51_009.pfb.17
50,Gm51_010,,?,?,natives/stm/appsystem/gimmick/prefab/gm51_010.pfb.17
51,Gm51_011,,?,?,natives/stm/appsystem/gimmick/prefab/gm51_011.pfb.17
52,Gm52_002,,?,?,natives/stm/appsystem/gimmick/prefab/gm52_002.pfb.17
53,Gm80_090,,?,?,natives/stm/appsystem/gimmick/prefab/gm80_090.pfb.17
54,Gm80_098,,?,?,natives/stm/appsystem/gimmick/prefab/breakable/gm80_098.pfb.17
55,Gm80_099,,?,?,natives/stm/appsystem/gimmick/prefab/breakable/gm80_099.pfb.17
56,Gm80_100,,?,?,natives/stm/appsystem/gimmick/prefab/breakable/gm80_100.pfb.17
57,Gm80_101,,?,?,natives/stm/appsystem/gimmick/prefab/breakable/gm80_101.pfb.17
58,Gm61_220,,?,?,natives/stm/appsystem/gimmick/prefab/breakable/gm61_220.pfb.17
59,Gm62_100,,?,?,natives/stm/appsystem/gimmick/prefab/breakable/gm62_100.pfb.17
60,Gm62_101,,?,?,natives/stm/appsystem/gimmick/prefab/breakable/gm62_101.pfb.17
61,Gm62_104,,?,?,natives/stm/appsystem/gimmick/prefab/breakable/gm62_104.pfb.17
62,Gm51_117,,gm51_117,app.gm51_117,natives/stm/appsystem/gimmick/prefab/breakable/gm51_117.pfb.17
63,Gm51_119,,gm51_119,app.gm51_117,natives/stm/appsystem/gimmick/prefab/breakable/gm51_119.pfb.17
64,Gm51_120,,?,?,natives/stm/appsystem/gimmick/prefab/breakable/gm51_120.pfb.17
65,Gm51_068,,?,?,natives/stm/appsystem/gimmick/prefab/breakable/gm51_068.pfb.17
66,Gm51_168,,?,?,natives/stm/appsystem/gimmick/prefab/breakable/gm51_168.pfb.17
74,Gm05_046,,?,?,natives/stm/appsystem/gimmick/prefab/door/gm05_046.pfb.17
75,Gm05_046_01,,?,?,natives/stm/appsystem/gimmick/prefab/door/gm05_046_01.pfb.17
76,Gm05_047,,?,?,natives/stm/appsystem/gimmick/prefab/door/gm05_047.pfb.17
77,Gm05_063,,?,?,natives/stm/appsystem/gimmick/prefab/door/gm05_063.pfb.17
79,Gm80_021,,?,?,natives/stm/appsystem/gimmick/prefab/door/gm80_021.pfb.17
80,Gm80_022,,?,?,natives/stm/appsystem/gimmick/prefab/door/gm80_022.pfb.17
81,Gm80_022_00,,?,?,natives/stm/appsystem/gimmick/prefab/door/gm80_022_00.pfb.17
82,Gm80_023,,?,?,natives/stm/appsystem/gimmick/prefab/door/gm80_023.pfb.17
83,Gm80_024,,?,?,natives/stm/appsystem/gimmick/prefab/door/gm80_024.pfb.17
84,Gm80_025,,?,?,natives/stm/appsystem/gimmick/prefab/door/gm80_025.pfb.17
85,Gm80_026,,?,?,natives/stm/appsystem/gimmick/prefab/door/gm80_026.pfb.17
86,Gm80_027,,?,?,natives/stm/appsystem/gimmick/prefab/door/gm80_027.pfb.17
87,Gm80_030,,?,?,natives/stm/appsystem/gimmick/prefab/door/gm80_030.pfb.17
88,Gm80_031,,?,?,natives/stm/appsystem/gimmick/prefab/door/gm80_031.pfb.17
89,Gm80_045,,?,?,natives/stm/appsystem/gimmick/prefab/door/gm80_045.pfb.17
90,Gm80_082,,?,?,natives/stm/appsystem/gimmick/prefab/door/gm80_082.pfb.17
91,Gm81_034,,?,?,natives/stm/appsystem/gimmick/prefab/door/gm81_034.pfb.17
92,Gm80_085,,?,?,natives/stm/appsystem/gimmick/prefab/door/gm80_085.pfb.17
93,Gm80_086,,?,?,natives/stm/appsystem/gimmick/prefab/door/gm80_086.pfb.17
94,Gm80_087,,?,?,natives/stm/appsystem/gimmick/prefab/door/gm80_087.pfb.17
95,Gm80_054,,?,?,natives/stm/appsystem/gimmick/prefab/door/gm80_054.pfb.17
96,Gm81_032,,?,?,natives/stm/appsystem/gimmick/prefab/door/gm81_032.pfb.17
97,Gm81_043,,?,?,natives/stm/appsystem/gimmick/prefab/door/gm81_043.pfb.17
98,Gm81_044,,?,?,natives/stm/appsystem/gimmick/prefab/door/gm81_044.pfb.17
99,Gm80_091,,?,?,natives/stm/appsystem/gimmick/prefab/door/gm80_091.pfb.17
100,Gm80_092,,?,?,natives/stm/appsystem/gimmick/prefab/door/gm80_092.pfb.17
101,Gm80_095,,?,?,natives/stm/appsystem/gimmick/prefab/door/gm80_095.pfb.17
102,Gm80_108,,?,?,natives/stm/appsystem/gimmick/prefab/door/gm80_108.pfb.17
103,Gm81_037,,?,?,natives/stm/appsystem/gimmick/prefab/door/gm81_037.pfb.17
104,Gm81_067,,?,?,natives/stm/appsystem/gimmick/prefab/door/gm81_067.pfb.17
105,Gm80_123,,?,?,natives/stm/appsystem/gimmick/prefab/door/gm80_123.pfb.17
106,Gm80_123_01,,?,?,natives/stm/appsystem/gimmick/prefab/door/gm80_123_01.pfb.17
107,Gm80_124,,?,?,natives/stm/appsystem/gimmick/prefab/door/gm80_124.pfb.17
108,Gm80_137,,?,?,natives/stm/appsystem/gimmick/prefab/door/gm80_137.pfb.17
109,Gm80_138,,?,?,natives/stm/appsystem/gimmick/prefab/door/gm80_138.pfb.17
110,Gm80_139,,?,?,natives/stm/appsystem/gimmick/prefab/door/gm80_139.pfb.17
111,Gm51_389,,?,?,natives/stm/appsystem/gimmick/prefab/door/gm51_389.pfb.17
112,Gm80_151,,?,?,natives/stm/appsystem/gimmick/prefab/gm80_151.pfb.17
113,Gm80_150,,?,?,natives/stm/appsystem/gimmick/prefab/gm80_150.pfb.17
114,Gm80_151_01,,?,?,natives/stm/appsystem/gimmick/prefab/gm80_151_01.pfb.17
115,Gm80_117,,?,?,natives/stm/appsystem/gimmick/prefab/gm80_117.pfb.17
116,Gm80_019,,gm80_019,app.Gm80_019,natives/stm/appsystem/gimmick/prefab/gm80_019.pfb.17
117,Gm80_033,large rock,gm80_033,app.Gm80_019,natives/stm/appsystem/gimmick/prefab/gm80_033.pfb.17
118,Gm80_140,,?,?,natives/stm/appsystem/gimmick/prefab/gm80_140.pfb.17
119,Gm80_003,,?,?,natives/stm/appsystem/gimmick/prefab/gm80_003.pfb.17
120,Gm80_037,,?,?,natives/stm/appsystem/gimmick/prefab/gm80_037.pfb.17
121,Gm80_156,,?,?,natives/stm/appsystem/gimmick/prefab/gm80_156.pfb.17
122,Gm81_075,,?,?,natives/stm/appsystem/gimmick/prefab/gm81_075.pfb.17
123,Gm81_074,,?,?,natives/stm/appsystem/gimmick/prefab/gm81_074.pfb.17
124,Gm80_042_00,,?,?,natives/stm/appsystem/gimmick/prefab/oxcart/gm80_042_00.pfb.17
125,Gm80_042_01,,?,?,natives/stm/appsystem/gimmick/prefab/oxcart/gm80_042_01.pfb.17
126,Gm80_042_02,,?,?,natives/stm/appsystem/gimmick/prefab/oxcart/gm80_042_02.pfb.17
127,Gm80_042_03,,?,?,natives/stm/appsystem/gimmick/prefab/oxcart/gm80_042_03.pfb.17
128,Gm80_042_04,,?,?,natives/stm/appsystem/gimmick/prefab/oxcart/gm80_042_04.pfb.17
129,Gm80_052,,?,?,natives/stm/appsystem/gimmick/prefab/oxcart/gm80_052.pfb.17
130,Gm81_011,,?,?,natives/stm/appsystem/gimmick/prefab/environment/gm81_011.pfb.17
135,Gm82_009,,?,?,natives/stm/appsystem/gimmick/prefab/gather/gm82_009.pfb.17
136,Gm82_009_01,gatherable plant,gm82_009_01,app.Gm82_009,natives/stm/appsystem/gimmick/prefab/gather/gm82_009_01.pfb.17
137,Gm82_009_02,,?,?,natives/stm/appsystem/gimmick/prefab/gather/gm82_009_02.pfb.17
138,Gm82_009_03,,?,?,natives/stm/appsystem/gimmick/prefab/gather/gm82_009_03.pfb.17
139,Gm82_009_04,,?,?,natives/stm/appsystem/gimmick/prefab/gather/gm82_009_04.pfb.17
140,Gm82_009_05,,?,?,natives/stm/appsystem/gimmick/prefab/gather/gm82_009_05.pfb.17
141,Gm82_009_06,,?,?,natives/stm/appsystem/gimmick/prefab/gather/gm82_009_06.pfb.17
142,Gm82_010,,?,?,natives/stm/appsystem/gimmick/prefab/gather/gm82_010.pfb.17
143,Gm82_030,,?,?,natives/stm/appsystem/gimmick/prefab/gather/gm82_030.pfb.17
144,Gm82_018,,?,?,natives/stm/appsystem/gimmick/prefab/gather/gm82_018.pfb.17
145,Gm82_011,gatherable bush,gm82_011,app.Gm82_009,natives/stm/appsystem/gimmick/prefab/gather/gm82_011.pfb.17
146,Gm82_012,gatherable bush,gm82_012,app.Gm82_009,natives/stm/appsystem/gimmick/prefab/gather/gm82_012.pfb.17
147,Gm82_013,,?,?,natives/stm/appsystem/gimmick/prefab/gather/gm82_013.pfb.17
148,Gm82_014,,?,?,natives/stm/appsystem/gimmick/prefab/gather/gm82_014.pfb.17
149,Gm82_014_01,,?,?,natives/stm/appsystem/gimmick/prefab/gather/gm82_014_01.pfb.17
150,Gm82_015,,?,?,natives/stm/appsystem/gimmick/prefab/gather/gm82_015.pfb.17
151,Gm82_016,,?,?,natives/stm/appsystem/gimmick/prefab/gather/gm82_016.pfb.17
152,Gm82_017,,?,?,natives/stm/appsystem/gimmick/prefab/gather/gm82_017.pfb.17
153,Gm82_020,,?,?,natives/stm/appsystem/gimmick/prefab/gather/gm82_020.pfb.17
154,Gm82_021,,Gm82_021,app.Gm82_009,natives/stm/appsystem/gimmick/prefab/gather/gm82_021.pfb.17
155,Gm82_022,,?,?,natives/stm/appsystem/gimmick/prefab/gather/gm82_022.pfb.17
156,Gm82_023,,?,?,natives/stm/appsystem/gimmick/prefab/gather/gm82_023.pfb.17
157,Gm82_025,,?,?,natives/stm/appsystem/gimmick/prefab/gather/gm82_025.pfb.17
158,Gm82_051,,?,?,natives/stm/appsystem/gimmick/prefab/gather/gm82_051.pfb.17
159,Gm82_061,,?,?,natives/stm/appsystem/gimmick/prefab/gather/gm82_061.pfb.17
160,Gm82_069,,?,?,natives/stm/appsystem/gimmick/prefab/gather/gm82_069.pfb.17
161,Gm82_080,Golden Trove Beetle,gm82_080,app.Gm82_009,natives/stm/appsystem/gimmick/prefab/gather/gm82_080.pfb.17
162,Gm82_062,,?,?,natives/stm/appsystem/gimmick/prefab/gather/gm82_062.pfb.17
163,Gm82_000,lootable chest of gold,gm82_000,app.Gm82_000,natives/stm/appsystem/gimmick/prefab/gm82_000.pfb.17
164,Gm82_000_01,lootable bag (Magick Medal?),gm82_000_01,app.Gm82_000_01,natives/stm/appsystem/gimmick/gm82_000_01/gm82_000_01.pfb.17
165,Gm82_000_02,,?,?,natives/stm/appsystem/gimmick/gm82_000_01/gm82_000_02.pfb.17
166,Gm02_003,,?,?,natives/stm/appsystem/gimmick/prefab/gm02_003.pfb.17
167,Gm82_036,Seeker's Token / Finder's Token,Gm82_036,app.Gm82_036,natives/stm/appsystem/gimmick/prefab/gm82_036.pfb.17
168,Gm50_005,,?,?,natives/stm/appsystem/gimmick/prefab/interact/gm50_005.pfb.17
171,Gm50_007,,?,?,natives/stm/appsystem/gimmick/prefab/interact/gm50_007.pfb.17
173,Gm50_025,,?,?,natives/stm/appsystem/gimmick/prefab/gm50_025.pfb.17
184,Gm80_076,,?,?,natives/stm/appsystem/gimmick/prefab/gm80_076.pfb.17
185,Gm80_089,,?,?,natives/stm/appsystem/gimmick/prefab/gm80_089.pfb.17
186,Gm80_083,,?,?,natives/stm/appsystem/gimmick/prefab/gm80_083.pfb.17
187,Gm80_084,,?,?,natives/stm/appsystem/gimmick/prefab/gm80_084.pfb.17
188,Gm81_087,,?,?,natives/stm/appsystem/gimmick/prefab/gm81_087.pfb.17
189,Gm81_004,,gm81_004,app.Gm81_004,natives/stm/appsystem/gimmick/prefab/gm81_004.pfb.17
190,Gm81_005,,?,?,natives/stm/appsystem/gimmick/prefab/gm81_005.pfb.17
191,Gm81_035,,?,?,natives/stm/appsystem/gimmick/prefab/gm81_035.pfb.17
192,Gm81_116,,?,?,natives/stm/appsystem/gimmick/prefab/gm81_116.pfb.17
193,Gm80_046,,?,?,natives/stm/appsystem/gimmick/prefab/gm80_046.pfb.17
194,Gm80_048,,?,?,natives/stm/appsystem/gimmick/prefab/gm80_048.pfb.17
195,Gm80_106,,?,?,natives/stm/appsystem/gimmick/prefab/gm80_106.pfb.17
196,Gm80_107,,?,?,natives/stm/appsystem/gimmick/prefab/gm80_107.pfb.17
197,Gm80_079,,?,?,natives/stm/appsystem/gimmick/prefab/camp/gm80_079.pfb.17
198,Gm80_079_00,campfire,gm80_079_00,app.Gm80_079,natives/stm/appsystem/gimmick/prefab/camp/gm80_079_00.pfb.17
199,Gm80_079_01,,?,?,natives/stm/appsystem/gimmick/prefab/camp/gm80_079_01.pfb.17
220,Gm51_381,,?,?,natives/stm/appsystem/gimmick/prefab/camp/gm51_381.pfb.17
221,Gm51_382,,?,?,natives/stm/appsystem/gimmick/prefab/camp/gm51_382.pfb.17
222,Gm51_383,,?,?,natives/stm/appsystem/gimmick/prefab/camp/gm51_383.pfb.17
223,Gm81_038,,gm81_038,app.Gm81_038,natives/stm/appsystem/gimmick/prefab/environment/gm81_038.pfb.17
224,Gm81_040,,?,?,natives/stm/appsystem/gimmick/prefab/environment/gm81_040.pfb.17
225,Gm81_041,,?,?,natives/stm/appsystem/gimmick/prefab/environment/gm81_041.pfb.17
226,Gm80_125,,?,?,natives/stm/appsystem/gimmick/prefab/breakable/gm80_125.pfb.17
227,Gm80_126,,?,?,natives/stm/appsystem/gimmick/prefab/breakable/gm80_126.pfb.17
228,Gm80_127,,?,?,natives/stm/appsystem/gimmick/prefab/breakable/gm80_127.pfb.17
229,Gm80_128,,?,?,natives/stm/appsystem/gimmick/prefab/breakable/gm80_128.pfb.17
230,Gm80_118,,?,?,natives/stm/appsystem/gimmick/prefab/gm80_118.pfb.17
231,Gm80_119,,?,?,natives/stm/appsystem/gimmick/prefab/gm80_119.pfb.17
232,Gm80_120,,?,?,natives/stm/appsystem/gimmick/prefab/gm80_120.pfb.17
233,Gm80_121,,?,?,natives/stm/appsystem/gimmick/prefab/gm80_121.pfb.17
234,Gm81_097,,?,?,natives/stm/appsystem/gimmick/prefab/gm81_097.pfb.17
235,Gm81_098,,?,?,natives/stm/appsystem/gimmick/prefab/gm81_098.pfb.17
236,Gm81_050,,?,?,natives/stm/appsystem/gimmick/prefab/gm81_050.pfb.17
237,Gm81_051,,?,?,natives/stm/appsystem/gimmick/prefab/gm81_051.pfb.17
238,Gm81_085,,?,?,natives/stm/appsystem/gimmick/prefab/gm81_085.pfb.17
239,Gm81_086,,?,?,natives/stm/appsystem/gimmick/prefab/gm81_086.pfb.17
240,Gm80_185,,?,?,natives/stm/appsystem/gimmick/prefab/gm80_185.pfb.17
241,Gm81_077,,?,?,natives/stm/appsystem/gimmick/prefab/gm81_077.pfb.17
242,Gm81_089,,?,?,natives/stm/appsystem/gimmick/prefab/gm81_089.pfb.17
244,Gm80_105,,?,?,natives/stm/appsystem/gimmick/prefab/gm80_105.pfb.17
245,Gm80_148,,?,?,natives/stm/appsystem/gimmick/prefab/gm80_148.pfb.17
247,Gm80_102,,?,?,natives/stm/appsystem/gimmick/prefab/gm80_102.pfb.17
248,Gm80_109,tree,gm80_109,app.Gm80_109,natives/stm/appsystem/gimmick/prefab/gm80_109.pfb.17
249,Gm80_110,,gm80_110,app.Gm80_110,natives/stm/appsystem/gimmick/prefab/gm80_110.pfb.17
250,Gm81_059,,?,?,natives/stm/appsystem/gimmick/prefab/environment/gm81_059.pfb.17
251,Gm81_064,,?,?,natives/stm/appsystem/gimmick/prefab/environment/gm81_064.pfb.17
252,Gm80_164,,?,?,natives/stm/appsystem/gimmick/prefab/invisibleinteract/gm80_164.pfb.17
253,Gm80_165,,?,?,natives/stm/appsystem/gimmick/prefab/invisibleinteract/gm80_165.pfb.17
254,Gm80_166,,?,?,natives/stm/appsystem/gimmick/prefab/invisibleinteract/gm80_166.pfb.17
256,Gm80_129,,?,?,natives/stm/appsystem/gimmick/prefab/lives/gm80_129.pfb.17
257,Gm80_129_01,,?,?,natives/stm/appsystem/gimmick/prefab/lives/gm80_129_01.pfb.17
258,Gm80_129_02,,?,?,natives/stm/appsystem/gimmick/prefab/lives/gm80_129_02.pfb.17
259,Gm80_129_03,,?,?,natives/stm/appsystem/gimmick/prefab/lives/gm80_129_03.pfb.17
260,Gm80_129_04,,?,?,natives/stm/appsystem/gimmick/prefab/lives/gm80_129_04.pfb.17
261,Gm80_130,,?,?,natives/stm/appsystem/gimmick/prefab/lives/gm80_130.pfb.17
262,Gm80_131,,?,?,natives/stm/appsystem/gimmick/prefab/lives/gm80_131.pfb.17
263,Gm80_132,,?,?,natives/stm/appsystem/gimmick/prefab/lives/gm80_132.pfb.17
264,Gm80_133,,?,?,natives/stm/appsystem/gimmick/prefab/lives/gm80_133.pfb.17
265,Gm80_134,,?,?,natives/stm/appsystem/gimmick/prefab/lives/gm80_134.pfb.17
266,Gm80_135,,?,?,natives/stm/appsystem/gimmick/prefab/lives/gm80_135.pfb.17
267,Gm80_136,,?,?,natives/stm/appsystem/gimmick/prefab/lives/gm80_136.pfb.17
268,Gm81_092,,?,?,natives/stm/appsystem/gimmick/prefab/gm81_092.pfb.17
269,GmCamp_00,,?,?,natives/stm/appsystem/gimmick/prefab/camp/gmcamp_00.pfb.17
270,Gm51_062,,?,?,natives/stm/appsystem/gimmick/prefab/breakable/gm51_062.pfb.17
271,Gm51_063,,gm51_063,app.Gm51_063,natives/stm/appsystem/gimmick/prefab/breakable/gm51_063.pfb.17
272,Gm51_218,,?,?,natives/stm/appsystem/gimmick/prefab/breakable/gm51_218.pfb.17
273,Gm51_079,,?,?,natives/stm/appsystem/gimmick/prefab/breakable/gm51_079.pfb.17
274,Gm50_001,,?,?,natives/stm/appsystem/gimmick/prefab/breakable/gm50_001.pfb.17
275,Gm51_135,,?,?,natives/stm/appsystem/gimmick/prefab/breakable/gm51_135.pfb.17
276,Gm50_135,,?,?,natives/stm/appsystem/gimmick/prefab/breakable/gm50_135.pfb.17
277,Gm50_136,,?,?,natives/stm/appsystem/gimmick/prefab/breakable/gm50_136.pfb.17
278,Gm51_181,,?,?,natives/stm/appsystem/gimmick/prefab/breakable/gm51_181.pfb.17
279,Gm51_244,,?,?,natives/stm/appsystem/gimmick/prefab/breakable/gm51_244.pfb.17
280,Gm51_237,,?,?,natives/stm/appsystem/gimmick/prefab/chair/gm51_237.pfb.17
281,Gm51_076,,gm51_076,app.Gm51_065,natives/stm/appsystem/gimmick/prefab/gm51_076.pfb.17
282,Gm51_077,,?,?,natives/stm/appsystem/gimmick/prefab/gm51_077.pfb.17
283,Gm51_078,,?,?,natives/stm/appsystem/gimmick/prefab/gm51_078.pfb.17
284,Gm51_248,,?,?,natives/stm/appsystem/gimmick/prefab/chair/gm51_248.pfb.17
285,Gm51_364,,?,?,natives/stm/appsystem/gimmick/prefab/chair/gm51_364.pfb.17
286,Gm51_065,,?,?,natives/stm/appsystem/gimmick/prefab/gm51_065.pfb.17
287,Gm50_247,,?,?,natives/stm/appsystem/gimmick/prefab/breakable/gm50_247.pfb.17
288,Gm51_089,,?,?,natives/stm/appsystem/gimmick/prefab/gm51_089.pfb.17
290,Gm51_100,,?,?,natives/stm/appsystem/gimmick/prefab/interact/gm51_100.pfb.17
291,Gm51_460,,?,?,natives/stm/appsystem/gimmick/prefab/interact/gm51_460.pfb.17
292,Gm51_393,,?,?,natives/stm/appsystem/gimmick/prefab/interact/gm51_393.pfb.17
293,Gm51_396,,?,?,natives/stm/appsystem/gimmick/prefab/interact/gm51_396.pfb.17
294,Gm51_409,,?,?,natives/stm/appsystem/gimmick/prefab/interact/gm51_409.pfb.17
295,Gm51_603,,?,?,natives/stm/appsystem/gimmick/prefab/interact/gm51_603.pfb.17
296,Gm80_155,,?,?,natives/stm/appsystem/gimmick/prefab/gm80_155.pfb.17
297,Gm05_054_Indoor,,?,?,natives/stm/appsystem/gimmick/prefab/bartest/gm05_054_indoor.pfb.17
298,Gm81_103,,?,?,natives/stm/appsystem/gimmick/prefab/gm81_103.pfb.17
299,Gm81_094,,?,?,natives/stm/appsystem/gimmick/prefab/gm81_094.pfb.17
300,gm252_000,,?,?,natives/stm/appsystem/gimmick/prefab/enemy/gm252_000.pfb.17
301,Gm81_114,,?,?,natives/stm/appsystem/gimmick/prefab/enemy/gm81_114.pfb.17
302,Gm81_039,,?,?,natives/stm/appsystem/gimmick/prefab/gm81_039.pfb.17
303,Gm80_186,,?,?,natives/stm/appsystem/gimmick/prefab/gm80_186.pfb.17
304,Gm81_102,,?,?,natives/stm/appsystem/gimmick/prefab/gm81_102.pfb.17
305,Gm81_101,,?,?,natives/stm/appsystem/gimmick/prefab/gm81_101.pfb.17
306,Gm82_053,,?,?,natives/stm/appsystem/gimmick/prefab/gm82_053.pfb.17
307,Gm81_062,,?,?,natives/stm/appsystem/gimmick/prefab/gm81_062.pfb.17
308,Gm50_052_1,,?,?,natives/stm/appsystem/gimmick/prefab/interact/gm50_052_1.pfb.17
309,Gm50_013,,?,?,natives/stm/appsystem/gimmick/prefab/interact/gm50_013.pfb.17
310,Gm50_041_01,,?,?,natives/stm/appsystem/gimmick/prefab/interact/gm50_041_01.pfb.17
313,Gm50_045_00,,?,?,natives/stm/appsystem/gimmick/prefab/interact/gm50_045_00.pfb.17
315,Gm51_188_00,,?,?,natives/stm/appsystem/gimmick/prefab/interact/gm51_188_00.pfb.17
316,Gm51_144_Indoor,,gm51_144_Indoor,app.Gm51_144,natives/stm/appsystem/gimmick/prefab/breakable/gm51_144_indoor.pfb.17
317,Gm51_144_Outdoor,,gm51_144_Outdoor,app.Gm51_144,natives/stm/appsystem/gimmick/prefab/breakable/gm51_144_outdoor.pfb.17
318,Gm51_284_Indoor,,gm51_284_Indoor,app.Gm51_144,natives/stm/appsystem/gimmick/prefab/breakable/gm51_284_indoor.pfb.17
319,Gm81_115,,?,?,natives/stm/appsystem/gimmick/prefab/gm81_115.pfb.17
320,Gm51_284_Outdoor,,?,?,natives/stm/appsystem/gimmick/prefab/breakable/gm51_284_outdoor.pfb.17
321,sm80_042_04,,?,?,natives/stm/appsystem/gimmick/prefab/oxcart/gm80_042_04_01.pfb.17
322,Gm51_457,,?,?,natives/stm/appsystem/gimmick/prefab/chair/gm51_457.pfb.17
323,Gm50_273,,?,?,natives/stm/appsystem/gimmick/prefab/chair/gm50_273.pfb.17
324,Gm51_558,,?,?,natives/stm/appsystem/gimmick/prefab/chair/gm51_558.pfb.17
325,Gm50_249,,?,?,natives/stm/appsystem/gimmick/prefab/chair/gm50_249.pfb.17
326,Gm80_094,,?,?,natives/stm/appsystem/gimmick/prefab/gm80_094.pfb.17
327,Gm50_053,,?,?,natives/stm/appsystem/gimmick/prefab/interact/gm50_053.pfb.17
329,Gm51_341,,?,?,natives/stm/appsystem/gimmick/prefab/counter/gm51_341.pfb.17
330,Gm51_132,,?,?,natives/stm/appsystem/gimmick/prefab/interact/gm51_132.pfb.17
331,Gm50_010_01,,?,?,natives/stm/appsystem/gimmick/prefab/interact/gm50_010_01.pfb.17
334,Gm50_259_01,,?,?,natives/stm/appsystem/gimmick/prefab/interact/gm50_259_01.pfb.17
335,Gm51_133,,?,?,natives/stm/appsystem/gimmick/prefab/interact/gm51_133.pfb.17
336,Gm81_031,,?,?,natives/stm/appsystem/gimmick/prefab/interact/gm81_031.pfb.17
337,Gm50_011_01,,?,?,natives/stm/appsystem/gimmick/prefab/interact/gm50_011_01.pfb.17
338,Gm51_041_00,,?,?,natives/stm/appsystem/gimmick/prefab/interact/gm51_041_00.pfb.17
339,Gm51_066_Indoor,,gm51_066_Indoor,app.Gm51_144,natives/stm/appsystem/gimmick/prefab/breakable/gm51_066_indoor.pfb.17
340,Gm51_377_Indoor,,gm51_377_Indoor,app.Gm51_144,natives/stm/appsystem/gimmick/prefab/breakable/gm51_377_indoor.pfb.17
341,Gm51_066_Outdoor,,?,?,natives/stm/appsystem/gimmick/prefab/breakable/gm51_066_outdoor.pfb.17
342,Gm51_377_Outdoor,,gm51_377_Outdoor,app.Gm51_144,natives/stm/appsystem/gimmick/prefab/breakable/gm51_377_outdoor.pfb.17
343,Gm51_547,,?,?,natives/stm/appsystem/gimmick/prefab/breakable/gm51_547.pfb.17
344,Gm50_165_Indoor,,gm50_165_Indoor,app.gm05_049,natives/stm/appsystem/gimmick/prefab/bartest/gm50_165_indoor.pfb.17
345,Gm50_165_Outdoor,,?,?,natives/stm/appsystem/gimmick/prefab/bartest/gm50_165_outdoor.pfb.17
346,Gm51_548,,?,?,natives/stm/appsystem/gimmick/prefab/breakable/gm51_548.pfb.17
347,Gm51_331,,?,?,natives/stm/appsystem/gimmick/prefab/breakable/gm51_331.pfb.17
348,Gm51_332,,?,?,natives/stm/appsystem/gimmick/prefab/breakable/gm51_332.pfb.17
349,Gm50_250,,?,?,natives/stm/appsystem/gimmick/prefab/breakable/gm50_250.pfb.17
350,Gm80_147,,?,?,natives/stm/appsystem/gimmick/prefab/gm80_147.pfb.17
351,Gm81_018,,?,?,natives/stm/appsystem/gimmick/prefab/interact/gm81_018.pfb.17
352,Gm50_022,,?,?,natives/stm/appsystem/gimmick/prefab/interact/gm50_022.pfb.17
353,Gm50_021,,?,?,natives/stm/appsystem/gimmick/prefab/interact/gm50_021.pfb.17
355,Gm50_014_01,,?,?,natives/stm/appsystem/gimmick/prefab/interact/gm50_014_01.pfb.17
356,Gm50_015_01,,?,?,natives/stm/appsystem/gimmick/prefab/interact/gm50_015_01.pfb.17
357,Gm51_042_00,,?,?,natives/stm/appsystem/gimmick/prefab/interact/gm51_042_00.pfb.17
358,Gm51_381_00,,?,?,natives/stm/appsystem/gimmick/prefab/interact/gm51_381_00.pfb.17
359,Gm51_382_00,,?,?,natives/stm/appsystem/gimmick/prefab/interact/gm51_382_00.pfb.17
360,Gm51_383_00,,?,?,natives/stm/appsystem/gimmick/prefab/interact/gm51_383_00.pfb.17
361,Gm81_013_01,,?,?,natives/stm/appsystem/gimmick/prefab/interact/gm81_013_01.pfb.17
362,Gm50_016_01,,?,?,natives/stm/appsystem/gimmick/prefab/interact/gm50_016_01.pfb.17
363,Gm50_018_01,,?,?,natives/stm/appsystem/gimmick/prefab/interact/gm50_018_01.pfb.17
364,Gm50_132_01,,?,?,natives/stm/appsystem/gimmick/prefab/interact/gm50_132_01.pfb.17
365,Gm50_096,,?,?,natives/stm/appsystem/gimmick/prefab/interact/gm50_096.pfb.17
366,Gm50_097,,?,?,natives/stm/appsystem/gimmick/prefab/interact/gm50_097.pfb.17
367,Gm54_011,,?,?,natives/stm/appsystem/gimmick/prefab/gm54_011.pfb.17
368,Gm51_136,,?,?,natives/stm/appsystem/gimmick/prefab/breakable/gm51_136.pfb.17
369,Gm51_164,,?,?,natives/stm/appsystem/gimmick/prefab/breakable/gm51_164.pfb.17
370,Gm50_107,,?,?,natives/stm/appsystem/gimmick/prefab/breakable/gm50_107.pfb.17
371,Gm51_062_01,,?,?,natives/stm/appsystem/gimmick/prefab/breakable/gm51_062_01.pfb.17
372,Gm51_062_02,,?,?,natives/stm/appsystem/gimmick/prefab/breakable/gm51_062_02.pfb.17
373,sm80_042_02,,?,?,natives/stm/appsystem/gimmick/prefab/oxcart/gm80_042_02_01.pfb.17
374,Gm50_035,,?,?,natives/stm/appsystem/gimmick/prefab/interact/gm50_035.pfb.17
375,Gm50_036,,?,?,natives/stm/appsystem/gimmick/prefab/interact/gm50_036.pfb.17
376,Gm50_036_01,,?,?,natives/stm/appsystem/gimmick/prefab/interact/gm50_036_01.pfb.17
377,Gm50_047,,?,?,natives/stm/appsystem/gimmick/prefab/interact/gm50_047.pfb.17
378,Gm51_045,,?,?,natives/stm/appsystem/gimmick/prefab/interact/gm51_045.pfb.17
379,Gm51_046,,?,?,natives/stm/appsystem/gimmick/prefab/interact/gm51_046.pfb.17
380,Gm81_100,,?,?,natives/stm/appsystem/gimmick/prefab/gm81_100.pfb.17
381,Gm80_187,,?,?,natives/stm/appsystem/gimmick/prefab/interact/gm80_187.pfb.17
382,Gm81_117,,?,?,natives/stm/appsystem/gimmick/prefab/gm81_117.pfb.17
383,Gm81_118,,?,?,natives/stm/appsystem/gimmick/prefab/gm81_118.pfb.17
384,Gm81_119,,?,?,natives/stm/appsystem/gimmick/prefab/gm81_119.pfb.17
385,Gm81_120,,?,?,natives/stm/appsystem/gimmick/prefab/gm81_120.pfb.17
386,Gm81_123,,?,?,natives/stm/appsystem/gimmick/prefab/gm81_123.pfb.17
387,Gm81_126,,?,?,natives/stm/appsystem/gimmick/prefab/gm81_126.pfb.17
388,Gm80_200,,?,?,natives/stm/appsystem/gimmick/prefab/gm80_200.pfb.17
389,Gm51_296,,?,?,natives/stm/appsystem/gimmick/prefab/gm51_296.pfb.17
390,Gm80_204,,?,?,natives/stm/appsystem/gimmick/prefab/gm80_204.pfb.17
391,Gm59_020,,?,?,natives/stm/appsystem/gimmick/prefab/gm59_020.pfb.17
392,Gm59_021,,?,?,natives/stm/appsystem/gimmick/prefab/gm59_021.pfb.17
393,Gm59_022,,?,?,natives/stm/appsystem/gimmick/prefab/gm59_022.pfb.17
394,Gm59_023,,?,?,natives/stm/appsystem/gimmick/prefab/gm59_023.pfb.17
395,Gm59_024,,?,?,natives/stm/appsystem/gimmick/prefab/gm59_024.pfb.17
396,Gm59_025,,?,?,natives/stm/appsystem/gimmick/prefab/gm59_025.pfb.17
397,Gm59_026,,?,?,natives/stm/appsystem/gimmick/prefab/gm59_026.pfb.17
398,Gm59_027,,?,?,natives/stm/appsystem/gimmick/prefab/gm59_027.pfb.17
399,Gm59_511,,?,?,natives/stm/appsystem/gimmick/prefab/gm59_511.pfb.17
400,Gm59_000,,?,?,natives/stm/appsystem/gimmick/prefab/gm59_000.pfb.17
401,Gm80_144,,?,?,natives/stm/appsystem/gimmick/prefab/gm80_144.pfb.17
402,Gm81_108,,?,?,natives/stm/appsystem/gimmick/prefab/gm81_108.pfb.17
403,Gm81_139,,?,?,natives/stm/appsystem/gimmick/prefab/gm81_139.pfb.17
404,Gm80_098_2,,?,?,natives/stm/appsystem/gimmick/prefab/breakable/gm80_098_2.pfb.17
405,Gm80_099_2,,?,?,natives/stm/appsystem/gimmick/prefab/breakable/gm80_099_2.pfb.17
406,Gm80_100_2,,?,?,natives/stm/appsystem/gimmick/prefab/breakable/gm80_100_2.pfb.17
407,Gm80_101_2,,?,?,natives/stm/appsystem/gimmick/prefab/breakable/gm80_101_2.pfb.17
408,Gm81_098_01,,?,?,natives/stm/appsystem/gimmick/prefab/gm81_098_01.pfb.17
409,Gm81_098_02,,?,?,natives/stm/appsystem/gimmick/prefab/gm81_098_02.pfb.17
410,Gm81_098_03,,?,?,natives/stm/appsystem/gimmick/prefab/gm81_098_03.pfb.17
411,Gm81_141,,?,?,natives/stm/appsystem/gimmick/prefab/gm81_141.pfb.17
412,Gm81_098_04,,?,?,natives/stm/appsystem/gimmick/prefab/gm81_098_04.pfb.17
413,Gm81_098_05,,?,?,natives/stm/appsystem/gimmick/prefab/gm81_098_05.pfb.17
414,Gm81_098_06,,?,?,natives/stm/appsystem/gimmick/prefab/gm81_098_06.pfb.17
415,Gm82_015_01,,?,?,natives/stm/appsystem/gimmick/prefab/gather/gm82_015_01.pfb.17
416,Gm81_122,,?,?,natives/stm/appsystem/gimmick/prefab/gm81_122.pfb.17
417,Gm80_065,,?,?,natives/stm/appsystem/gimmick/prefab/camp/gm80_065.pfb.17
418,Gm80_066,,?,?,natives/stm/appsystem/gimmick/prefab/camp/gm80_066.pfb.17
419,Gm80_067,,?,?,natives/stm/appsystem/gimmick/prefab/camp/gm80_067.pfb.17
420,Gm80_068,,?,?,natives/stm/appsystem/gimmick/prefab/camp/gm80_068.pfb.17
421,Gm80_069,,?,?,natives/stm/appsystem/gimmick/prefab/camp/gm80_069.pfb.17
422,Gm80_201,,?,?,natives/stm/appsystem/gimmick/prefab/gm80_201.pfb.17
423,Gm59_000_01,,?,?,natives/stm/appsystem/gimmick/prefab/gm59_000_01.pfb.17
424,Gm59_510,,?,?,natives/stm/appsystem/gimmick/prefab/gm59_510.pfb.17
425,Gm22_030,,?,?,natives/stm/appsystem/gimmick/prefab/sign/gm22_030.pfb.17
426,Gm50_426,,?,?,natives/stm/appsystem/gimmick/prefab/sign/gm50_426.pfb.17
427,Gm50_427,,?,?,natives/stm/appsystem/gimmick/prefab/sign/gm50_427.pfb.17
428,Gm50_428,,?,?,natives/stm/appsystem/gimmick/prefab/sign/gm50_428.pfb.17
429,Gm51_564,,?,?,natives/stm/appsystem/gimmick/prefab/sign/gm51_564.pfb.17
430,Gm51_565,,?,?,natives/stm/appsystem/gimmick/prefab/sign/gm51_565.pfb.17
431,Gm51_566,,?,?,natives/stm/appsystem/gimmick/prefab/sign/gm51_566.pfb.17
432,Gm51_567,,?,?,natives/stm/appsystem/gimmick/prefab/sign/gm51_567.pfb.17
433,Gm51_568,,?,?,natives/stm/appsystem/gimmick/prefab/sign/gm51_568.pfb.17
434,Gm51_573,,?,?,natives/stm/appsystem/gimmick/prefab/sign/gm51_573.pfb.17
435,Gm51_575,,?,?,natives/stm/appsystem/gimmick/prefab/sign/gm51_575.pfb.17
436,Gm51_576,,?,?,natives/stm/appsystem/gimmick/prefab/sign/gm51_576.pfb.17
437,Gm51_577,,?,?,natives/stm/appsystem/gimmick/prefab/sign/gm51_577.pfb.17
438,Gm51_581,,?,?,natives/stm/appsystem/gimmick/prefab/sign/gm51_581.pfb.17
439,Gm51_582,,?,?,natives/stm/appsystem/gimmick/prefab/sign/gm51_582.pfb.17
440,Gm51_585,,?,?,natives/stm/appsystem/gimmick/prefab/sign/gm51_585.pfb.17
441,Gm51_617,,?,?,natives/stm/appsystem/gimmick/prefab/sign/gm51_617.pfb.17
442,Gm52_118,,?,?,natives/stm/appsystem/gimmick/prefab/sign/gm52_118.pfb.17
443,Gm52_119,,?,?,natives/stm/appsystem/gimmick/prefab/sign/gm52_119.pfb.17
444,Gm51_578,,?,?,natives/stm/appsystem/gimmick/prefab/sign/gm51_578.pfb.17
445,Gm51_569,,?,?,natives/stm/appsystem/gimmick/prefab/gm51_569.pfb.17
446,Gm51_570,,?,?,natives/stm/appsystem/gimmick/prefab/gm51_570.pfb.17
447,Gm51_571,,?,?,natives/stm/appsystem/gimmick/prefab/gm51_571.pfb.17
448,Gm51_572,,?,?,natives/stm/appsystem/gimmick/prefab/gm51_572.pfb.17
449,Gm52_120,,?,?,natives/stm/appsystem/gimmick/prefab/gm52_120.pfb.17
450,Gm51_574,,?,?,natives/stm/appsystem/gimmick/prefab/gm51_574.pfb.17
451,Gm51_612,,?,?,natives/stm/appsystem/gimmick/prefab/sign/gm51_612.pfb.17
452,Gm51_616,,?,?,natives/stm/appsystem/gimmick/prefab/sign/gm51_616.pfb.17
453,Gm52_144,,?,?,natives/stm/appsystem/gimmick/prefab/sign/gm52_144.pfb.17
454,Gm82_015_02,,?,?,natives/stm/appsystem/gimmick/prefab/gather/gm82_015_02.pfb.17
455,Gm82_015_03,,?,?,natives/stm/appsystem/gimmick/prefab/gather/gm82_015_03.pfb.17
456,Gm82_015_04,,?,?,natives/stm/appsystem/gimmick/prefab/gather/gm82_015_04.pfb.17
457,Gm82_015_05,,?,?,natives/stm/appsystem/gimmick/prefab/gather/gm82_015_05.pfb.17
458,Gm82_015_06,,?,?,natives/stm/appsystem/gimmick/prefab/gather/gm82_015_06.pfb.17
459,Gm82_024,,?,?,natives/stm/appsystem/gimmick/prefab/gather/gm82_024.pfb.17
460,Gm81_127,,?,?,natives/stm/appsystem/gimmick/prefab/door/gm81_127.pfb.17
461,Gm82_062_01,,?,?,natives/stm/appsystem/gimmick/prefab/gather/gm82_062_01.pfb.17
464,Gm81_140,,?,?,natives/stm/appsystem/gimmick/prefab/gm81_140.pfb.17
465,Gm80_096_01,,?,?,natives/stm/appsystem/gimmick/prefab/gm80_096_01.pfb.17
466,Gm80_123_02,,?,?,natives/stm/appsystem/gimmick/prefab/door/gm80_123_02.pfb.17
467,Gm80_131_01,,gm80_131_01,app.Gm80_129,natives/stm/appsystem/gimmick/prefab/lives/gm80_131_01.pfb.17
468,Gm80_048_02,,?,?,natives/stm/appsystem/gimmick/prefab/gm80_048_02.pfb.17
469,Gm80_089_01,,?,?,natives/stm/appsystem/gimmick/prefab/gm80_089_01.pfb.17
470,Gm51_092_01,,?,?,natives/stm/appsystem/gimmick/prefab/interact/gm51_092_01.pfb.17
471,Gm51_099_01,,?,?,natives/stm/appsystem/gimmick/prefab/interact/gm51_099_01.pfb.17
472,Gm51_409_01,,?,?,natives/stm/appsystem/gimmick/prefab/interact/gm51_409_01.pfb.17
473,Gm51_603_01,,?,?,natives/stm/appsystem/gimmick/prefab/interact/gm51_603_01.pfb.17
474,Gm50_031,,?,?,natives/stm/appsystem/gimmick/prefab/interact/gm50_031.pfb.17
475,Gm80_079_10,,?,?,natives/stm/appsystem/gimmick/prefab/camp/gm80_079_10.pfb.17
476,Gm80_079_11,,?,?,natives/stm/appsystem/gimmick/prefab/camp/gm80_079_11.pfb.17
478,Gm50_031_01,,?,?,natives/stm/appsystem/gimmick/prefab/interact/gm50_031_01.pfb.17
479,Gm80_133_01,,?,?,natives/stm/appsystem/gimmick/prefab/lives/gm80_133_01.pfb.17
480,Gm80_133_02,,?,?,natives/stm/appsystem/gimmick/prefab/lives/gm80_133_02.pfb.17
481,Gm80_133_03,,?,?,natives/stm/appsystem/gimmick/prefab/lives/gm80_133_03.pfb.17
482,Gm80_133_04,,gm80_133_04,app.Gm80_129,natives/stm/appsystem/gimmick/prefab/lives/gm80_133_04.pfb.17
483,Gm80_134_01,,?,?,natives/stm/appsystem/gimmick/prefab/lives/gm80_134_01.pfb.17
484,Gm80_134_02,,?,?,natives/stm/appsystem/gimmick/prefab/lives/gm80_134_02.pfb.17
485,Gm80_134_03,,?,?,natives/stm/appsystem/gimmick/prefab/lives/gm80_134_03.pfb.17
486,Gm80_134_04,,?,?,natives/stm/appsystem/gimmick/prefab/lives/gm80_134_04.pfb.17
487,Gm80_135_01,,?,?,natives/stm/appsystem/gimmick/prefab/lives/gm80_135_01.pfb.17
488,Gm80_135_02,,?,?,natives/stm/appsystem/gimmick/prefab/lives/gm80_135_02.pfb.17
489,Gm80_135_03,,?,?,natives/stm/appsystem/gimmick/prefab/lives/gm80_135_03.pfb.17
490,Gm80_135_04,,?,?,natives/stm/appsystem/gimmick/prefab/lives/gm80_135_04.pfb.17
491,Gm80_136_01,,?,?,natives/stm/appsystem/gimmick/prefab/lives/gm80_136_01.pfb.17
492,Gm80_136_02,,?,?,natives/stm/appsystem/gimmick/prefab/lives/gm80_136_02.pfb.17
493,Gm80_136_03,,?,?,natives/stm/appsystem/gimmick/prefab/lives/gm80_136_03.pfb.17
494,Gm80_136_04,,?,?,natives/stm/appsystem/gimmick/prefab/lives/gm80_136_04.pfb.17
495,Gm80_211,,?,?,natives/stm/appsystem/gimmick/prefab/gm80_211.pfb.17
496,Gm80_186_01,,?,?,natives/stm/appsystem/gimmick/prefab/gm80_186_01.pfb.17
497,Gm51_505,,?,?,natives/stm/appsystem/gimmick/prefab/gm51_505.pfb.17
498,Gm51_688,,?,?,natives/stm/appsystem/gimmick/prefab/gm51_688.pfb.17
499,Gm81_128,,?,?,natives/stm/appsystem/gimmick/prefab/gm81_128.pfb.17
500,Gm81_128_01,,?,?,natives/stm/appsystem/gimmick/prefab/gm81_128_01.pfb.17
501,Gm81_129,,?,?,natives/stm/appsystem/gimmick/prefab/gm81_129.pfb.17
502,Gm81_129_01,,?,?,natives/stm/appsystem/gimmick/prefab/gm81_129_01.pfb.17
503,Gm81_130,,?,?,natives/stm/appsystem/gimmick/prefab/gm81_130.pfb.17
504,Gm81_130_01,,?,?,natives/stm/appsystem/gimmick/prefab/gm81_130_01.pfb.17
505,Gm81_131,,?,?,natives/stm/appsystem/gimmick/prefab/gm81_131.pfb.17
506,Gm81_131_01,,?,?,natives/stm/appsystem/gimmick/prefab/gm81_131_01.pfb.17
507,Gm81_132,,?,?,natives/stm/appsystem/gimmick/prefab/gm81_132.pfb.17
508,Gm81_133,,?,?,natives/stm/appsystem/gimmick/prefab/gm81_133.pfb.17
509,Gm81_134,,?,?,natives/stm/appsystem/gimmick/prefab/gm81_134.pfb.17
510,Gm81_135,,?,?,natives/stm/appsystem/gimmick/prefab/gm81_135.pfb.17
511,Gm81_136,examinable note,gm81_136,app.gm81_128,natives/stm/appsystem/gimmick/prefab/gm81_136.pfb.17
512,Gm81_137,,?,?,natives/stm/appsystem/gimmick/prefab/gm81_137.pfb.17
513,Gm80_167,,?,?,natives/stm/appsystem/gimmick/prefab/invisibleinteract/gm80_167.pfb.17
514,Gm80_168,,?,?,natives/stm/appsystem/gimmick/prefab/invisibleinteract/gm80_168.pfb.17
515,Gm50_078,,?,?,natives/stm/appsystem/gimmick/prefab/breakable/gm50_078.pfb.17
516,Gm50_150,,?,?,natives/stm/appsystem/gimmick/prefab/breakable/gm50_150.pfb.17
517,Gm50_327,,?,?,natives/stm/appsystem/gimmick/prefab/breakable/gm50_327_outdoor.pfb.17
518,Gm51_053,,?,?,natives/stm/appsystem/gimmick/prefab/breakable/gm51_053.pfb.17
519,Gm51_083,,?,?,natives/stm/appsystem/gimmick/prefab/breakable/gm51_083.pfb.17
520,Gm51_103,,?,?,natives/stm/appsystem/gimmick/prefab/breakable/gm51_103.pfb.17
521,Gm51_104,,?,?,natives/stm/appsystem/gimmick/prefab/breakable/gm51_104.pfb.17
522,Gm51_104_01,,?,?,natives/stm/appsystem/gimmick/prefab/breakable/gm51_104_01.pfb.17
523,Gm51_184,,?,?,natives/stm/appsystem/gimmick/prefab/breakable/gm51_184.pfb.17
524,Gm51_185,,?,?,natives/stm/appsystem/gimmick/prefab/breakable/gm51_185.pfb.17
525,Gm51_186,,?,?,natives/stm/appsystem/gimmick/prefab/breakable/gm51_186.pfb.17
526,Gm51_228,,?,?,natives/stm/appsystem/gimmick/prefab/breakable/gm51_228.pfb.17
527,Gm51_451,,?,?,natives/stm/appsystem/gimmick/prefab/breakable/gm51_451_indoor.pfb.17
528,Gm51_472,,?,?,natives/stm/appsystem/gimmick/prefab/breakable/gm51_472_indoor.pfb.17
529,Gm51_600,,?,?,natives/stm/appsystem/gimmick/prefab/breakable/gm51_600.pfb.17
530,Gm51_601,,?,?,natives/stm/appsystem/gimmick/prefab/breakable/gm51_601.pfb.17
531,Gm51_602,,?,?,natives/stm/appsystem/gimmick/prefab/breakable/gm51_602.pfb.17
532,Gm80_205,,?,?,natives/stm/appsystem/gimmick/prefab/gm80_205.pfb.17
533,Gm80_212,,?,?,natives/stm/appsystem/gimmick/prefab/breakable/gm80_212.pfb.17
534,Gm80_213,,?,?,natives/stm/appsystem/gimmick/prefab/breakable/gm80_213.pfb.17
535,Gm80_215,,?,?,natives/stm/appsystem/gimmick/prefab/breakable/gm80_215.pfb.17
536,Gm80_217,,?,?,natives/stm/appsystem/gimmick/prefab/breakable/gm80_217.pfb.17
537,Gm80_216,,?,?,natives/stm/appsystem/gimmick/prefab/breakable/gm80_216.pfb.17
538,Gm80_218,,?,?,natives/stm/appsystem/gimmick/prefab/bartest/gm80_218.pfb.17
539,Gm80_219,,?,?,natives/stm/appsystem/gimmick/prefab/breakable/gm80_219.pfb.17
540,Gm80_220,,?,?,natives/stm/appsystem/gimmick/prefab/breakable/gm80_220.pfb.17
541,Gm80_221,,?,?,natives/stm/appsystem/gimmick/prefab/breakable/gm80_221.pfb.17
542,Gm80_222,,?,?,natives/stm/appsystem/gimmick/prefab/breakable/gm80_222.pfb.17
543,Gm80_223,,?,?,natives/stm/appsystem/gimmick/prefab/breakable/gm80_223.pfb.17
544,Gm80_224,,?,?,natives/stm/appsystem/gimmick/prefab/breakable/gm80_224.pfb.17
545,Gm80_225,,?,?,natives/stm/appsystem/gimmick/prefab/breakable/gm80_225.pfb.17
546,Gm80_226,,?,?,natives/stm/appsystem/gimmick/prefab/breakable/gm80_226.pfb.17
547,Gm80_214,,?,?,natives/stm/appsystem/gimmick/prefab/breakable/gm80_214.pfb.17
548,Gm51_568_01,,?,?,natives/stm/appsystem/gimmick/prefab/gm51_568_01.pfb.17
549,Gm81_145,,?,?,natives/stm/appsystem/gimmick/prefab/breakable/gm81_145.pfb.17
550,Gm81_146,,?,?,natives/stm/appsystem/gimmick/prefab/breakable/gm81_146.pfb.17
551,Gm81_143,,?,?,natives/stm/appsystem/gimmick/prefab/environment/gm81_143.pfb.17
552,Gm80_123_03,,?,?,natives/stm/appsystem/gimmick/prefab/door/gm80_123_03.pfb.17
553,Gm81_131_02,,?,?,natives/stm/appsystem/gimmick/prefab/gm81_131_02.pfb.17
554,Gm50_036_02,,?,?,natives/stm/appsystem/gimmick/prefab/interact/gm50_036_02.pfb.17
555,Gm81_144,,?,?,natives/stm/appsystem/gimmick/prefab/gm81_144.pfb.17
556,Gm80_227,,?,?,natives/stm/appsystem/gimmick/prefab/breakable/gm80_227.pfb.17
557,Gm80_228,,?,?,natives/stm/appsystem/gimmick/prefab/breakable/gm80_228.pfb.17
558,Gm80_229,,?,?,natives/stm/appsystem/gimmick/prefab/breakable/gm80_229.pfb.17
559,Gm80_230,,?,?,natives/stm/appsystem/gimmick/prefab/breakable/gm80_230.pfb.17
560,Gm80_231,,?,?,natives/stm/appsystem/gimmick/prefab/breakable/gm80_231.pfb.17
561,Gm80_232,,?,?,natives/stm/appsystem/gimmick/prefab/breakable/gm80_232.pfb.17
562,Gm80_233,,?,?,natives/stm/appsystem/gimmick/prefab/breakable/gm80_233.pfb.17
563,Gm80_234,,?,?,natives/stm/appsystem/gimmick/prefab/breakable/gm80_234.pfb.17
564,Gm80_235,,?,?,natives/stm/appsystem/gimmick/prefab/breakable/gm80_235.pfb.17
565,Gm80_236,,?,?,natives/stm/appsystem/gimmick/prefab/breakable/gm80_236.pfb.17
566,Gm81_009,,?,?,natives/stm/appsystem/gimmick/prefab/interact/gm81_009.pfb.17
567,Gm50_327_Indoor,,?,?,natives/stm/appsystem/gimmick/prefab/breakable/gm50_327_indoor.pfb.17
568,Gm51_451_Outdoor,,?,?,natives/stm/appsystem/gimmick/prefab/breakable/gm51_451_outdoor.pfb.17
569,Gm51_472_Outdoor,,?,?,natives/stm/appsystem/gimmick/prefab/breakable/gm51_472_outdoor.pfb.17
570,Gm82_018_00,,?,?,natives/stm/appsystem/gimmick/prefab/gather/gm82_018_00.pfb.17
571,Gm51_092_02,,?,?,natives/stm/appsystem/gimmick/prefab/interact/gm51_092_02.pfb.17
572,Gm51_115_01,,?,?,natives/stm/appsystem/gimmick/prefab/interact/gm51_115_01.pfb.17
573,Gm50_249_01,,?,?,natives/stm/appsystem/gimmick/prefab/chair/gm50_249_01.pfb.17
574,Gm51_074_01,,?,?,natives/stm/appsystem/gimmick/prefab/chair/gm51_074_01.pfb.17
575,Gm51_131,,?,?,natives/stm/appsystem/gimmick/prefab/chair/gm51_131.pfb.17
576,Gm51_731,,?,?,natives/stm/appsystem/gimmick/prefab/door/gm51_731.pfb.17
577,Gm80_021_01,,?,?,natives/stm/appsystem/gimmick/prefab/door/gm80_021_01.pfb.17
578,Gm52_500,,?,?,natives/stm/appsystem/gimmick/prefab/gm52_500.pfb.17
579,Gm52_501,,?,?,natives/stm/appsystem/gimmick/prefab/gm52_501.pfb.17
580,Gm52_502,,?,?,natives/stm/appsystem/gimmick/prefab/gm52_502.pfb.17
581,Gm252_000_01,,?,?,natives/stm/appsystem/gimmick/prefab/enemy/gm252_000_01.pfb.17
582,Gm252_000_02,,?,?,natives/stm/appsystem/gimmick/prefab/enemy/gm252_000_02.pfb.17
583,Gm252_000_03,,?,?,natives/stm/appsystem/gimmick/prefab/enemy/gm252_000_03.pfb.17
584,Gm252_000_04,,?,?,natives/stm/appsystem/gimmick/prefab/enemy/gm252_000_04.pfb.17
585,Gm252_000_05,,?,?,natives/stm/appsystem/gimmick/prefab/enemy/gm252_000_05.pfb.17
586,Gm252_000_06,,?,?,natives/stm/appsystem/gimmick/prefab/enemy/gm252_000_06.pfb.17
587,Gm252_000_07,,?,?,natives/stm/appsystem/gimmick/prefab/enemy/gm252_000_07.pfb.17
588,Gm252_000_08,,?,?,natives/stm/appsystem/gimmick/prefab/enemy/gm252_000_08.pfb.17
589,Gm252_000_09,,?,?,natives/stm/appsystem/gimmick/prefab/enemy/gm252_000_09.pfb.17
590,Gm252_000_10,,?,?,natives/stm/appsystem/gimmick/prefab/enemy/gm252_000_10.pfb.17
591,Gm252_000_11,,?,?,natives/stm/appsystem/gimmick/prefab/enemy/gm252_000_11.pfb.17
592,Gm252_000_12,,?,?,natives/stm/appsystem/gimmick/prefab/enemy/gm252_000_12.pfb.17
593,Gm252_000_13,,?,?,natives/stm/appsystem/gimmick/prefab/enemy/gm252_000_13.pfb.17
594,Gm80_200_01,,?,?,natives/stm/appsystem/gimmick/prefab/gm80_200_01.pfb.17
595,Gm05_044_01,,?,?,natives/stm/appsystem/gimmick/prefab/chair/gm05_044_01.pfb.17
596,Gm50_000_12,,?,?,natives/stm/appsystem/gimmick/prefab/gm50_000_12.pfb.17
597,Gm50_001_01,,?,?,natives/stm/appsystem/gimmick/prefab/breakable/gm50_001_01.pfb.17
598,Gm50_070_01,,?,?,natives/stm/appsystem/gimmick/prefab/chair/gm50_070_01.pfb.17
599,Gm50_108_01,,?,?,natives/stm/appsystem/gimmick/prefab/chair/gm50_108_01.pfb.17
600,Gm51_065_01,,?,?,natives/stm/appsystem/gimmick/prefab/gm51_065_01.pfb.17
601,Gm51_074_02,,?,?,natives/stm/appsystem/gimmick/prefab/chair/gm51_074_02.pfb.17
602,Gm51_117_01,,?,?,natives/stm/appsystem/gimmick/prefab/breakable/gm51_117_01.pfb.17
603,Gm51_119_01,,?,?,natives/stm/appsystem/gimmick/prefab/breakable/gm51_119_01.pfb.17
604,Gm80_237,,?,?,natives/stm/appsystem/gimmick/prefab/breakable/gm80_237.pfb.17
605,Gm80_238,,?,?,natives/stm/appsystem/gimmick/prefab/breakable/gm80_238.pfb.17
606,Gm80_239,,?,?,natives/stm/appsystem/gimmick/prefab/breakable/gm80_239.pfb.17
607,Gm80_240,,?,?,natives/stm/appsystem/gimmick/prefab/breakable/gm80_240.pfb.17
608,Gm80_241,,?,?,natives/stm/appsystem/gimmick/prefab/breakable/gm80_241.pfb.17
609,Gm81_159,,?,?,natives/stm/appsystem/gimmick/prefab/gm81_159.pfb.17
610,Gm51_156,,?,?,natives/stm/appsystem/gimmick/prefab/chair/gm51_156.pfb.17
611,Gm51_653,,?,?,natives/stm/appsystem/gimmick/prefab/interact/gm51_653.pfb.17
612,Gm80_037_01,,?,?,natives/stm/appsystem/gimmick/prefab/gm80_037_01.pfb.17
613,Gm50_096_01,,?,?,natives/stm/appsystem/gimmick/prefab/interact/gm50_096_01.pfb.17
614,Gm50_298,,?,?,natives/stm/appsystem/gimmick/prefab/interact/gm50_298.pfb.17
615,Gm50_298_01,,?,?,natives/stm/appsystem/gimmick/prefab/interact/gm50_298_01.pfb.17
616,Gm10_030,,?,?,natives/stm/appsystem/gimmick/prefab/interact/gm10_030.pfb.17
617,Gm81_156_00,,?,?,natives/stm/appsystem/gimmick/prefab/breakable/gm81_156_00.pfb.17
618,Gm81_156_02,,?,?,natives/stm/appsystem/gimmick/prefab/breakable/gm81_156_02.pfb.17
619,Gm81_156_03,,?,?,natives/stm/appsystem/gimmick/prefab/breakable/gm81_156_03.pfb.17
620,Gm51_742,,?,?,natives/stm/appsystem/gimmick/prefab/interact/gm51_742.pfb.17
621,Gm80_042_00_01,,?,?,natives/stm/appsystem/gimmick/prefab/oxcart/gm80_042_00_01.pfb.17
622,Gm80_192,,?,?,natives/stm/appsystem/gimmick/prefab/gm80_192.pfb.17
623,Gm80_193,,?,?,natives/stm/appsystem/gimmick/prefab/gm80_193.pfb.17
624,Gm80_194,,?,?,natives/stm/appsystem/gimmick/prefab/gm80_194.pfb.17
625,Gm81_129_02,,?,?,natives/stm/appsystem/gimmick/prefab/gm81_129_02.pfb.17
626,Gm81_116_00,,?,?,natives/stm/appsystem/gimmick/prefab/gm81_116_00.pfb.17
627,Gm81_116_01,,?,?,natives/stm/appsystem/gimmick/prefab/gm81_116_01.pfb.17
628,Gm81_116_02,,?,?,natives/stm/appsystem/gimmick/prefab/gm81_116_02.pfb.17
629,Gm81_116_03,,?,?,natives/stm/appsystem/gimmick/prefab/gm81_116_03.pfb.17
630,Gm81_116_04,,?,?,natives/stm/appsystem/gimmick/prefab/gm81_116_04.pfb.17
631,Gm81_116_05,,?,?,natives/stm/appsystem/gimmick/prefab/gm81_116_05.pfb.17
632,Gm51_114_01,,?,?,natives/stm/appsystem/gimmick/prefab/interact/gm51_114_01.pfb.17
633,Gm81_165,,?,?,natives/stm/appsystem/gimmick/prefab/breakable/gm81_165.pfb.17
634,Gm80_022_01,,?,?,natives/stm/appsystem/gimmick/prefab/door/gm80_022_01.pfb.17
635,Gm50_041_00,,?,?,natives/stm/appsystem/gimmick/prefab/bartest/gm50_041_00.pfb.17
636,Gm80_090_01,,?,?,natives/stm/appsystem/gimmick/prefab/gm80_090_01.pfb.17
637,Gm81_172,,?,?,natives/stm/appsystem/gimmick/prefab/gm81_172.pfb.17
638,Gm80_076_00,,?,?,natives/stm/appsystem/gimmick/prefab/gm80_076_00.pfb.17
639,Gm81_034_00,,?,?,natives/stm/appsystem/gimmick/prefab/door/gm81_034_00.pfb.17
640,Gm80_046_00,,?,?,natives/stm/appsystem/gimmick/prefab/gm80_046_00.pfb.17
641,Gm81_173,,?,?,natives/stm/appsystem/gimmick/prefab/sign/gm81_173.pfb.17
642,Gm81_173_01,,?,?,natives/stm/appsystem/gimmick/prefab/sign/gm81_173_01.pfb.17
643,Gm81_173_02,,?,?,natives/stm/appsystem/gimmick/prefab/sign/gm81_173_02.pfb.17
644,Gm81_173_03,,?,?,natives/stm/appsystem/gimmick/prefab/sign/gm81_173_03.pfb.17
645,Gm81_173_04,,?,?,natives/stm/appsystem/gimmick/prefab/sign/gm81_173_04.pfb.17
646,Gm81_173_05,,?,?,natives/stm/appsystem/gimmick/prefab/sign/gm81_173_05.pfb.17
647,Gm81_173_06,,?,?,natives/stm/appsystem/gimmick/prefab/sign/gm81_173_06.pfb.17
648,Gm81_173_07,,?,?,natives/stm/appsystem/gimmick/prefab/sign/gm81_173_07.pfb.17
649,Gm81_173_08,,?,?,natives/stm/appsystem/gimmick/prefab/sign/gm81_173_08.pfb.17
650,Gm81_173_09,,?,?,natives/stm/appsystem/gimmick/prefab/sign/gm81_173_09.pfb.17
651,Gm81_087_01,,?,?,natives/stm/appsystem/gimmick/prefab/gm81_087_01.pfb.17
652,Gm81_087_02,,?,?,natives/stm/appsystem/gimmick/prefab/gm81_087_02.pfb.17
653,Gm81_042_01,,?,?,natives/stm/appsystem/gimmick/prefab/gm81_042_01.pfb.17
654,Gm80_009_01,,?,?,natives/stm/appsystem/gimmick/prefab/gm80_009_01.pfb.17
655,Gm80_010_01,,?,?,natives/stm/appsystem/gimmick/prefab/gm80_010_01.pfb.17
656,Gm50_000_10,,gm50_000_10,app.gm50_000,natives/stm/appsystem/gimmick/prefab/gm50_000_10.pfb.17
657,Gm50_000_11,,?,?,natives/stm/appsystem/gimmick/prefab/gm50_000_11.pfb.17
658,Gm50_000_13,,?,?,natives/stm/appsystem/gimmick/prefab/gm50_000_13.pfb.17
659,Gm50_000_14,,?,?,natives/stm/appsystem/gimmick/prefab/gm50_000_14.pfb.17
660,Gm50_000_99,,?,?,natives/stm/appsystem/gimmick/prefab/gm50_000_99.pfb.17
661,Gm50_040_10,,?,?,natives/stm/appsystem/gimmick/prefab/bartest/gm50_040_10.pfb.17
662,Gm50_040_11,,?,?,natives/stm/appsystem/gimmick/prefab/bartest/gm50_040_11.pfb.17
663,Gm50_040_12,,?,?,natives/stm/appsystem/gimmick/prefab/bartest/gm50_040_12.pfb.17
664,Gm50_040_13,,?,?,natives/stm/appsystem/gimmick/prefab/bartest/gm50_040_13.pfb.17
665,Gm50_040_14,,?,?,natives/stm/appsystem/gimmick/prefab/bartest/gm50_040_14.pfb.17
666,Gm50_040_99,,?,?,natives/stm/appsystem/gimmick/prefab/bartest/gm50_040_99.pfb.17
667,Gm50_041_10,,?,?,natives/stm/appsystem/gimmick/prefab/bartest/gm50_041_10.pfb.17
668,Gm50_041_11,,?,?,natives/stm/appsystem/gimmick/prefab/bartest/gm50_041_11.pfb.17
669,Gm50_041_12,,?,?,natives/stm/appsystem/gimmick/prefab/bartest/gm50_041_12.pfb.17
670,Gm50_041_13,,?,?,natives/stm/appsystem/gimmick/prefab/bartest/gm50_041_13.pfb.17
671,Gm50_041_14,,?,?,natives/stm/appsystem/gimmick/prefab/bartest/gm50_041_14.pfb.17
672,Gm50_041_99,,?,?,natives/stm/appsystem/gimmick/prefab/bartest/gm50_041_99.pfb.17
673,Gm51_570_10,,?,?,natives/stm/appsystem/gimmick/prefab/gm51_570_10.pfb.17
674,Gm51_570_11,,?,?,natives/stm/appsystem/gimmick/prefab/gm51_570_11.pfb.17
675,Gm51_570_12,,?,?,natives/stm/appsystem/gimmick/prefab/gm51_570_12.pfb.17
676,Gm51_570_13,,?,?,natives/stm/appsystem/gimmick/prefab/gm51_570_13.pfb.17
677,Gm51_570_14,,?,?,natives/stm/appsystem/gimmick/prefab/gm51_570_14.pfb.17
678,Gm51_570_99,,?,?,natives/stm/appsystem/gimmick/prefab/gm51_570_99.pfb.17
679,Gm80_243,,?,?,natives/stm/appsystem/gimmick/prefab/breakable/gm80_243.pfb.17
680,Gm82_009_10,,gm82_009_10,app.Gm82_009,natives/stm/appsystem/gimmick/prefab/gather/gm82_009_10.pfb.17
681,Gm82_009_20,,?,?,natives/stm/appsystem/gimmick/prefab/gather/gm82_009_20.pfb.17
682,Gm82_016_10,gatherable pile of bones,gm82_016_10,?,natives/stm/appsystem/gimmick/prefab/gather/gm82_016_10.pfb.17
683,Gm82_016_11,,?,?,natives/stm/appsystem/gimmick/prefab/gather/gm82_016_11.pfb.17
684,Gm82_016_12,,?,?,natives/stm/appsystem/gimmick/prefab/gather/gm82_016_12.pfb.17
685,Gm82_016_13,,?,?,natives/stm/appsystem/gimmick/prefab/gather/gm82_016_13.pfb.17
686,Gm82_016_14,,?,?,natives/stm/appsystem/gimmick/prefab/gather/gm82_016_14.pfb.17
687,Gm82_017_10,,gm82_017_10,app.Gm82_009,natives/stm/appsystem/gimmick/prefab/gather/gm82_017_10.pfb.17
688,Gm82_017_11,,?,?,natives/stm/appsystem/gimmick/prefab/gather/gm82_017_11.pfb.17
689,Gm82_017_12,,?,?,natives/stm/appsystem/gimmick/prefab/gather/gm82_017_12.pfb.17
690,Gm82_017_13,,?,?,natives/stm/appsystem/gimmick/prefab/gather/gm82_017_13.pfb.17
691,Gm82_017_14,,?,?,natives/stm/appsystem/gimmick/prefab/gather/gm82_017_14.pfb.17
692,Gm80_001_10,,?,?,natives/stm/appsystem/gimmick/prefab/gm80_001_10.pfb.17
693,Gm80_096_10,,?,?,natives/stm/appsystem/gimmick/prefab/gm80_096_10.pfb.17
694,Gm80_097_10,,?,?,natives/stm/appsystem/gimmick/prefab/gm80_097_10.pfb.17
695,Gm80_003_00,,?,?,natives/stm/appsystem/gimmick/prefab/gm80_003_00.pfb.17
696,Gm80_037_00,,?,?,natives/stm/appsystem/gimmick/prefab/gm80_037_00.pfb.17
697,Gm80_156_00,,?,?,natives/stm/appsystem/gimmick/prefab/gm80_156_00.pfb.17
698,Gm80_079_Parts,,?,?,natives/stm/appsystem/gimmick/prefab/camp/gm80_079_parts.pfb.17
699,Gm80_079_interact,,?,?,natives/stm/appsystem/gimmick/prefab/camp/gm80_079_interact.pfb.17
700,Gm80_079_interact_bonfire,,?,?,natives/stm/appsystem/gimmick/prefab/camp/gm80_079_interact_bonfire.pfb.17
701,Gm80_079_interact_npc,,?,?,natives/stm/appsystem/gimmick/prefab/camp/gm80_079_interact_npc.pfb.17
702,Gm80_079_interact_pl,,?,?,natives/stm/appsystem/gimmick/prefab/camp/gm80_079_interact_pl.pfb.17
703,Gm80_255,,?,?,natives/stm/appsystem/gimmick/prefab/camp/gm80_255.pfb.17
704,Gm80_256,,?,?,natives/stm/appsystem/gimmick/prefab/camp/gm80_256.pfb.17
705,Gm80_257,,?,?,natives/stm/appsystem/gimmick/prefab/camp/gm80_257.pfb.17
706,Gm80_257_00,,?,?,natives/stm/appsystem/gimmick/prefab/camp/gm80_257_00.pfb.17
707,Gm80_257_01,,?,?,natives/stm/appsystem/gimmick/prefab/camp/gm80_257_01.pfb.17
708,Gm80_003_01,,?,?,natives/stm/appsystem/gimmick/prefab/gm80_003_01.pfb.17
709,Gm80_003_02,,?,?,natives/stm/appsystem/gimmick/prefab/gm80_003_02.pfb.17
710,Gm82_053_01,,?,?,natives/stm/appsystem/gimmick/prefab/interact/gm82_053_01.pfb.17
711,Gm82_015_07,,?,?,natives/stm/appsystem/gimmick/prefab/gather/gm82_015_07.pfb.17
712,Gm82_015_08,,?,?,natives/stm/appsystem/gimmick/prefab/gather/gm82_015_08.pfb.17
713,Gm82_015_09,,?,?,natives/stm/appsystem/gimmick/prefab/gather/gm82_015_09.pfb.17
714,Gm82_015_10,,?,?,natives/stm/appsystem/gimmick/prefab/gather/gm82_015_10.pfb.17
715,Gm82_015_11,,?,?,natives/stm/appsystem/gimmick/prefab/gather/gm82_015_11.pfb.17
716,Gm81_175,,?,?,natives/stm/appsystem/gimmick/prefab/gm81_175.pfb.17
717,Gm80_076_01,,?,?,natives/stm/appsystem/gimmick/prefab/gm80_076_01.pfb.17
718,Gm51_752,,?,?,natives/stm/appsystem/gimmick/prefab/chair/gm51_752.pfb.17
719,Gm50_036_03,,?,?,natives/stm/appsystem/gimmick/prefab/interact/gm50_036_03.pfb.17
720,Gm81_176,,?,?,natives/stm/appsystem/gimmick/prefab/gm81_176.pfb.17
721,Gm81_076,,?,?,natives/stm/appsystem/gimmick/prefab/environment/gm81_076.pfb.17
722,Gm81_101_01,,?,?,natives/stm/appsystem/gimmick/prefab/gm81_101_01.pfb.17
723,Gm81_101_02,,?,?,natives/stm/appsystem/gimmick/prefab/gm81_101_02.pfb.17
724,Gm81_101_03,,?,?,natives/stm/appsystem/gimmick/prefab/gm81_101_03.pfb.17
725,Gm50_007_01,,?,?,natives/stm/appsystem/gimmick/prefab/interact/gm50_007_01.pfb.17
726,Gm50_013_01,,?,?,natives/stm/appsystem/gimmick/prefab/interact/gm50_013_01.pfb.17
727,Gm50_013_02,,?,?,natives/stm/appsystem/gimmick/prefab/interact/gm50_013_02.pfb.17
728,Gm51_188_01,,?,?,natives/stm/appsystem/gimmick/prefab/interact/gm51_188_01.pfb.17
729,Gm51_159,,?,?,natives/stm/appsystem/gimmick/prefab/counter/gm51_159.pfb.17
730,Gm51_282,,?,?,natives/stm/appsystem/gimmick/prefab/counter/gm51_282.pfb.17
731,Gm51_406,,?,?,natives/stm/appsystem/gimmick/prefab/counter/gm51_406.pfb.17
732,Gm81_179,,?,?,natives/stm/appsystem/gimmick/prefab/gm81_179.pfb.17
733,Gm81_182,,?,?,natives/stm/appsystem/gimmick/prefab/gm81_182.pfb.17
734,Gm81_182_01,,?,?,natives/stm/appsystem/gimmick/prefab/gm81_182_01.pfb.17
735,Gm81_182_02,,?,?,natives/stm/appsystem/gimmick/prefab/gm81_182_02.pfb.17
736,Gm81_182_03,,?,?,natives/stm/appsystem/gimmick/prefab/gm81_182_03.pfb.17
737,Gm82_008,,?,?,natives/stm/appsystem/gimmick/prefab/gather/gm82_008.pfb.17
738,GmAIInteract_05,,?,?,natives/stm/appsystem/gimmick/prefab/invisibleinteract/gmaiinteract_05.pfb.17
739,Gm80_195,,?,?,natives/stm/appsystem/gimmick/prefab/gm80_195.pfb.17
740,Gm81_183,,?,?,natives/stm/appsystem/gimmick/prefab/gm81_183.pfb.17
741,Gm80_042_00_02,,?,?,natives/stm/appsystem/gimmick/prefab/oxcart/gm80_042_00_02.pfb.17
742,Gm80_154_00,,?,?,natives/stm/appsystem/gimmick/prefab/gm80_154_00.pfb.17
743,Gm51_381_01,,?,?,natives/stm/appsystem/gimmick/prefab/camp/gm51_381_01.pfb.17
744,Gm81_182_04,,?,?,natives/stm/appsystem/gimmick/prefab/gm81_182_04.pfb.17
